year,split,start_time,end_time,hours,study_cells,samples,feature_file
2005,train,2005-01-08,2005-12-31 23:00:00,8592,512,4399104,data/processed/features/2005.nc
2006,train,2006-01-01,2006-12-31 23:00:00,8760,512,4485120,data/processed/features/2006.nc
2007,train,2007-01-01,2007-12-31 23:00:00,8760,512,4485120,data/processed/features/2007.nc
2008,train,2008-01-01,2008-12-31 23:00:00,8784,512,4497408,data/processed/features/2008.nc
2009,train,2009-01-01,2009-12-31 23:00:00,8760,512,4485120,data/processed/features/2009.nc
2010,train,2010-01-01,2010-12-31 23:00:00,8760,512,4485120,data/processed/features/2010.nc
2011,train,2011-01-01,2011-12-31 23:00:00,8760,512,4485120,data/processed/features/2011.nc
2012,train,2012-01-01,2012-12-31 23:00:00,8784,512,4497408,data/processed/features/2012.nc
2013,train,2013-01-01,2013-12-31 23:00:00,8760,512,4485120,data/processed/features/2013.nc
2014,train,2014-01-01,2014-12-31 23:00:00,8760,512,4485120,data/processed/features/2014.nc
2015,train,2015-01-01,2015-12-31 23:00:00,8760,512,4485120,data/processed/features/2015.nc
2016,train,2016-01-01,2016-12-31 23:00:00,8784,512,4497408,data/processed/features/2016.nc
2017,train,2017-01-01,2017-12-31 23:00:00,8760,512,4485120,data/processed/features/2017.nc
2018,validation,2018-01-01,2018-12-31 23:00:00,8760,512,4485120,data/processed/features/2018.nc
2019,validation,2019-01-01,2019-12-31 23:00:00,8760,512,4485120,data/processed/features/2019.nc
2020,test,2020-01-01,2020-12-31 23:00:00,8784,512,4497408,data/processed/features/2020.nc
