year,hours,study_cells,samples,output_file
2005,8592,512,4399104,2005.nc
2006,8760,512,4485120,2006.nc
2007,8760,512,4485120,2007.nc
2008,8784,512,4497408,2008.nc
2009,8760,512,4485120,2009.nc
2010,8760,512,4485120,2010.nc
2011,8760,512,4485120,2011.nc
2012,8784,512,4497408,2012.nc
2013,8760,512,4485120,2013.nc
2014,8760,512,4485120,2014.nc
2015,8760,512,4485120,2015.nc
2016,8784,512,4497408,2016.nc
2017,8760,512,4485120,2017.nc
2018,8760,512,4485120,2018.nc
2019,8760,512,4485120,2019.nc
2020,8784,512,4497408,2020.nc
