year,hours,study_cells,u10_missing,v10_missing,output_file,status
2005,8760,512,0,0,2005.nc,SAVED
2006,8760,512,0,0,2006.nc,SAVED
2007,8760,512,0,0,2007.nc,SAVED
2008,8784,512,0,0,2008.nc,SAVED
2009,8760,512,0,0,2009.nc,SAVED
2010,8760,512,0,0,2010.nc,SAVED
2011,8760,512,0,0,2011.nc,SAVED
2012,8784,512,0,0,2012.nc,SAVED
2013,8760,512,0,0,2013.nc,SAVED
2014,8760,512,0,0,2014.nc,SAVED
2015,8760,512,0,0,2015.nc,SAVED
2016,8784,512,0,0,2016.nc,SAVED
2017,8760,512,0,0,2017.nc,SAVED
2018,8760,512,0,0,2018.nc,SAVED
2019,8760,512,0,0,2019.nc,SAVED
2020,8784,512,0,0,2020.nc,SAVED
