split,target_type,horizon_hours,regime_code,regime_name,issue_times,class_count,class_fraction
train,current_regime_diagnostic,0,0,non_shamal,113760,104760,0.9208860759493671
train,current_regime_diagnostic,0,1,onset,113760,2772,0.024367088607594938
train,current_regime_diagnostic,0,2,established_shamal,113760,3456,0.030379746835443037
train,current_regime_diagnostic,0,3,decay,113760,2772,0.024367088607594938
train,future_regime_target,1,0,non_shamal,113760,104760,0.9208860759493671
train,future_regime_target,1,1,onset,113760,2772,0.024367088607594938
train,future_regime_target,1,2,established_shamal,113760,3456,0.030379746835443037
train,future_regime_target,1,3,decay,113760,2772,0.024367088607594938
train,future_regime_target,3,0,non_shamal,113760,104760,0.9208860759493671
train,future_regime_target,3,1,onset,113760,2772,0.024367088607594938
train,future_regime_target,3,2,established_shamal,113760,3456,0.030379746835443037
train,future_regime_target,3,3,decay,113760,2772,0.024367088607594938
train,future_regime_target,6,0,non_shamal,113760,104760,0.9208860759493671
train,future_regime_target,6,1,onset,113760,2772,0.024367088607594938
train,future_regime_target,6,2,established_shamal,113760,3456,0.030379746835443037
train,future_regime_target,6,3,decay,113760,2772,0.024367088607594938
train,future_regime_target,12,0,non_shamal,113760,104760,0.9208860759493671
train,future_regime_target,12,1,onset,113760,2772,0.024367088607594938
train,future_regime_target,12,2,established_shamal,113760,3456,0.030379746835443037
train,future_regime_target,12,3,decay,113760,2772,0.024367088607594938
train,future_regime_target,24,0,non_shamal,113760,104760,0.9208860759493671
train,future_regime_target,24,1,onset,113760,2772,0.024367088607594938
train,future_regime_target,24,2,established_shamal,113760,3456,0.030379746835443037
train,future_regime_target,24,3,decay,113760,2772,0.024367088607594938
validation,current_regime_diagnostic,0,0,non_shamal,17496,16896,0.9657064471879286
validation,current_regime_diagnostic,0,1,onset,17496,192,0.010973936899862825
validation,current_regime_diagnostic,0,2,established_shamal,17496,216,0.012345679012345678
validation,current_regime_diagnostic,0,3,decay,17496,192,0.010973936899862825
validation,future_regime_target,1,0,non_shamal,17496,16896,0.9657064471879286
validation,future_regime_target,1,1,onset,17496,192,0.010973936899862825
validation,future_regime_target,1,2,established_shamal,17496,216,0.012345679012345678
validation,future_regime_target,1,3,decay,17496,192,0.010973936899862825
validation,future_regime_target,3,0,non_shamal,17496,16896,0.9657064471879286
validation,future_regime_target,3,1,onset,17496,192,0.010973936899862825
validation,future_regime_target,3,2,established_shamal,17496,216,0.012345679012345678
validation,future_regime_target,3,3,decay,17496,192,0.010973936899862825
validation,future_regime_target,6,0,non_shamal,17496,16896,0.9657064471879286
validation,future_regime_target,6,1,onset,17496,192,0.010973936899862825
validation,future_regime_target,6,2,established_shamal,17496,216,0.012345679012345678
validation,future_regime_target,6,3,decay,17496,192,0.010973936899862825
validation,future_regime_target,12,0,non_shamal,17496,16896,0.9657064471879286
validation,future_regime_target,12,1,onset,17496,192,0.010973936899862825
validation,future_regime_target,12,2,established_shamal,17496,216,0.012345679012345678
validation,future_regime_target,12,3,decay,17496,192,0.010973936899862825
validation,future_regime_target,24,0,non_shamal,17496,16896,0.9657064471879286
validation,future_regime_target,24,1,onset,17496,192,0.010973936899862825
validation,future_regime_target,24,2,established_shamal,17496,216,0.012345679012345678
validation,future_regime_target,24,3,decay,17496,192,0.010973936899862825
test,current_regime_diagnostic,0,0,non_shamal,8760,8160,0.9315068493150684
test,current_regime_diagnostic,0,1,onset,8760,192,0.021917808219178082
test,current_regime_diagnostic,0,2,established_shamal,8760,216,0.024657534246575342
test,current_regime_diagnostic,0,3,decay,8760,192,0.021917808219178082
test,future_regime_target,1,0,non_shamal,8760,8160,0.9315068493150684
test,future_regime_target,1,1,onset,8760,192,0.021917808219178082
test,future_regime_target,1,2,established_shamal,8760,216,0.024657534246575342
test,future_regime_target,1,3,decay,8760,192,0.021917808219178082
test,future_regime_target,3,0,non_shamal,8760,8160,0.9315068493150684
test,future_regime_target,3,1,onset,8760,192,0.021917808219178082
test,future_regime_target,3,2,established_shamal,8760,216,0.024657534246575342
test,future_regime_target,3,3,decay,8760,192,0.021917808219178082
test,future_regime_target,6,0,non_shamal,8760,8160,0.9315068493150684
test,future_regime_target,6,1,onset,8760,192,0.021917808219178082
test,future_regime_target,6,2,established_shamal,8760,216,0.024657534246575342
test,future_regime_target,6,3,decay,8760,192,0.021917808219178082
test,future_regime_target,12,0,non_shamal,8760,8160,0.9315068493150684
test,future_regime_target,12,1,onset,8760,192,0.021917808219178082
test,future_regime_target,12,2,established_shamal,8760,216,0.024657534246575342
test,future_regime_target,12,3,decay,8760,192,0.021917808219178082
test,future_regime_target,24,0,non_shamal,8760,8160,0.9315068493150684
test,future_regime_target,24,1,onset,8760,192,0.021917808219178082
test,future_regime_target,24,2,established_shamal,8760,216,0.024657534246575342
test,future_regime_target,24,3,decay,8760,192,0.021917808219178082
