event_id,start_date,end_date,duration_days,mean_persian_gulf_cell_fraction,peak_persian_gulf_cell_fraction,mean_gulf_of_oman_cell_fraction,peak_gulf_of_oman_cell_fraction,peak_persian_gulf_daily_wind_speed_ms,peak_gulf_of_oman_daily_wind_speed_ms
1,2005-03-24,2005-03-25,2,0.6302521,0.73109245,0.099999994,0.19354838,14.384679,12.627198
2,2005-04-05,2005-04-06,2,0.5714286,0.59383756,0.0,0.0,13.566449,10.182344
3,2005-06-07,2005-06-08,2,0.57703084,0.6302521,0.0,0.0,13.245287,8.922506
4,2005-12-26,2005-12-27,2,0.57703084,0.5966387,0.0,0.0,13.165414,9.213961
5,2006-07-08,2006-07-10,3,0.69934636,0.8067227,0.0,0.0,16.112476,11.325986
6,2006-12-28,2006-12-31,4,0.56722695,0.64705884,0.23870967,0.5225806,13.5539665,12.19386
7,2007-07-15,2007-07-16,2,0.5406163,0.5546219,0.0,0.0,13.909862,8.771809
8,2007-12-22,2007-12-23,2,0.557423,0.57703084,0.0,0.0,12.851211,8.53175
9,2008-01-06,2008-01-07,2,0.6904762,0.7759104,0.3451613,0.66451615,15.679963,13.522756
10,2008-01-31,2008-02-04,5,0.70756304,0.8487395,0.3703226,0.9612903,16.520655,16.794428
11,2008-02-20,2008-02-22,3,0.8104575,0.8627451,0.29032257,0.58064514,16.452227,13.932653
12,2008-03-04,2008-03-05,2,0.5182073,0.5294118,0.041935485,0.08387097,13.7079115,11.082673
13,2008-06-04,2008-06-06,3,0.5583567,0.6246499,0.0,0.0,13.810615,9.573088
14,2008-06-13,2008-06-17,5,0.6044818,0.7535014,0.016774192,0.06451613,14.179962,11.707655
15,2009-01-02,2009-01-03,2,0.79691875,0.79831934,0.12580645,0.2516129,14.618786,11.724729
16,2009-07-14,2009-07-15,2,0.51400566,0.5154062,0.0,0.0,12.632756,8.636348
17,2010-06-24,2010-06-25,2,0.5826331,0.6442577,0.0,0.0,15.00835,9.521399
18,2010-12-13,2010-12-14,2,0.6904762,0.7787115,0.048387095,0.09677419,13.813416,10.75667
19,2011-03-14,2011-03-16,3,0.61811393,0.6414566,0.0,0.0,13.971861,9.780648
20,2011-06-14,2011-06-15,2,0.62044823,0.6554622,0.0,0.0,13.270411,7.725751
21,2011-10-21,2011-10-22,2,0.697479,0.7647059,0.0,0.0,15.24778,10.208721
22,2011-12-11,2011-12-12,2,0.5294118,0.55182076,0.0,0.0,13.032602,7.9207735
23,2012-01-20,2012-01-22,3,0.6293184,0.8179272,0.086021505,0.18064517,15.435433,13.526725
24,2012-02-02,2012-02-03,2,0.7436975,0.7647059,0.27419356,0.5483871,14.296213,12.359893
25,2012-02-20,2012-02-21,2,0.73249304,0.7507003,0.44516128,0.60645163,15.411648,13.328064
26,2012-03-03,2012-03-06,4,0.69957983,0.837535,0.54516125,0.7612903,16.048706,13.977123
27,2012-03-17,2012-03-19,3,0.76097107,0.82913166,0.2344086,0.59354836,16.159052,14.170538
28,2012-06-02,2012-06-03,2,0.592437,0.61904764,0.0,0.0,15.234932,7.991066
29,2012-07-04,2012-07-05,2,0.6554622,0.7226891,0.0,0.0,14.77934,10.22799
30,2013-01-10,2013-01-12,3,0.73202616,0.8179272,0.1139785,0.2516129,15.303419,12.162367
31,2013-01-14,2013-01-16,3,0.73109245,0.8319328,0.3655914,0.43870968,14.530441,12.796316
32,2013-02-03,2013-02-04,2,0.72969186,0.89635855,0.5451613,0.6903226,15.487757,15.120265
33,2013-06-07,2013-06-09,3,0.74323064,0.767507,0.0,0.0,15.304649,9.370509
34,2013-06-11,2013-06-12,2,0.6064426,0.627451,0.0,0.0,13.839764,10.156774
35,2013-09-25,2013-09-26,2,0.67366946,0.74229693,0.0,0.0,14.300089,9.150828
36,2013-10-08,2013-10-09,2,0.5308124,0.557423,0.0,0.0,13.285522,7.829364
37,2013-10-21,2013-10-22,2,0.56162465,0.60784316,0.0,0.0,13.594809,8.15959
38,2013-12-15,2013-12-16,2,0.8095238,0.84033614,0.061290324,0.12258065,15.002485,10.795011
39,2013-12-20,2013-12-21,2,0.70448184,0.77310926,0.28387097,0.3419355,14.190201,12.401754
40,2014-02-05,2014-02-06,2,0.60504204,0.69187677,0.05483871,0.10967742,13.605095,10.541407
41,2014-11-05,2014-11-06,2,0.5462185,0.59103644,0.0,0.0,13.505525,10.140455
42,2015-02-21,2015-02-23,3,0.6918768,0.7955182,0.3935484,0.7354839,16.030281,14.656981
43,2015-02-26,2015-02-27,2,0.61764705,0.719888,0.012903226,0.025806451,14.45045,13.847492
44,2015-04-13,2015-04-14,2,0.62885153,0.68907565,0.0,0.0,14.766914,7.9932575
45,2015-04-25,2015-04-26,2,0.67647064,0.75630254,0.0,0.0,14.576781,9.753286
46,2015-05-16,2015-05-17,2,0.56582636,0.5994398,0.0,0.0,13.357421,10.512698
47,2015-06-22,2015-06-23,2,0.60504204,0.63585436,0.0,0.0,13.092164,11.5482025
48,2015-12-05,2015-12-08,4,0.6792717,0.7815126,0.18870968,0.6451613,14.891348,12.666939
49,2016-01-02,2016-01-03,2,0.63585436,0.77030814,0.0,0.0,14.677756,10.900929
50,2016-01-28,2016-01-29,2,0.7829132,0.837535,0.3451613,0.58709675,13.470927,11.520947
51,2016-09-29,2016-09-30,2,0.59803927,0.6246499,0.0,0.0,13.679436,8.178266
52,2016-12-09,2016-12-10,2,0.66386557,0.6694678,0.074193545,0.12903225,13.366223,11.110365
53,2017-01-05,2017-01-06,2,0.73109245,0.7619048,0.3451613,0.36774194,14.064897,12.302419
54,2017-02-02,2017-02-03,2,0.8935574,0.90756303,0.68064517,0.9870968,16.663492,17.883814
55,2017-02-17,2017-02-18,2,0.6862745,0.767507,0.23225807,0.46451613,14.495557,12.184257
56,2017-04-03,2017-04-04,2,0.56162465,0.59103644,0.14516129,0.29032257,13.640513,12.92882
57,2017-04-20,2017-04-21,2,0.6442577,0.6526611,0.22903225,0.32258064,13.997438,13.173788
58,2017-05-30,2017-06-01,3,0.68440706,0.74229693,0.0,0.0,15.843669,10.130264
59,2017-06-20,2017-06-22,3,0.54995334,0.56582636,0.0,0.0,13.610918,10.746968
60,2017-12-08,2017-12-09,2,0.6694678,0.75910366,0.0,0.0,13.485204,10.222774
61,2019-01-10,2019-01-11,2,0.7100841,0.73109245,0.032258064,0.06451613,13.843215,11.966409
62,2019-03-01,2019-03-02,2,0.7184874,0.87114847,0.42580646,0.7225807,17.344559,15.121673
63,2019-04-22,2019-04-24,3,0.6414566,0.6694678,0.09032258,0.2580645,14.984216,11.764788
64,2019-06-18,2019-06-19,2,0.6806723,0.7507003,0.0,0.0,14.921444,12.8172
65,2020-01-11,2020-01-12,2,0.74929976,0.7815126,0.5225806,0.7935484,14.148684,15.434766
66,2020-02-10,2020-02-12,3,0.68067235,0.789916,0.12473118,0.37419355,14.819846,12.353295
67,2020-06-05,2020-06-06,2,0.5168067,0.52100843,0.0,0.0,13.9956045,7.960105
68,2020-12-25,2020-12-26,2,0.62044823,0.6554622,0.006451613,0.012903226,13.420981,13.47031
