year,hours,study_cells,lags,horizons,grid_time_samples,missing_values,status
2005,8592,512,11,5,4399104,0,PASSED
2006,8760,512,11,5,4485120,0,PASSED
2007,8760,512,11,5,4485120,0,PASSED
2008,8784,512,11,5,4497408,0,PASSED
2009,8760,512,11,5,4485120,0,PASSED
2010,8760,512,11,5,4485120,0,PASSED
2011,8760,512,11,5,4485120,0,PASSED
2012,8784,512,11,5,4497408,0,PASSED
2013,8760,512,11,5,4485120,0,PASSED
2014,8760,512,11,5,4485120,0,PASSED
2015,8760,512,11,5,4485120,0,PASSED
2016,8784,512,11,5,4497408,0,PASSED
2017,8760,512,11,5,4485120,0,PASSED
2018,8760,512,11,5,4485120,0,PASSED
2019,8760,512,11,5,4485120,0,PASSED
2020,8760,512,11,5,4485120,0,PASSED
