parameter,value
forecast_problem,multi-horizon wind-vector forecasting
target_components,"u10,v10"
forecast_horizons_hours,"1,3,6,12,24"
historical_lags_hours,"0,1,2,3,6,12,24,48,72,120,168"
maximum_historical_lag_hours,168
maximum_forecast_horizon_hours,24
training_years,2005-2017
validation_years,2018-2019
test_year,2020
study_cells,512
boundary_purge_hours,24
random_split,False
history_scaled,True
target_scaled,True
spatial_coordinates_scaled,True
cyclic_calendar_features_scaled,False
scaler_fit_period,training split only
