year,split,feature_file,available_start,available_end,issue_start,issue_end,earliest_target_time,latest_target_time,hours,study_cells,samples,lags,horizons
2005,train,data/processed/vector_features/2005.nc,2005-01-08,2005-12-31 23:00:00,2005-01-08,2005-12-31 23:00:00,2005-01-08 01:00:00,2006-01-01 23:00:00,8592,512,4399104,11,5
2006,train,data/processed/vector_features/2006.nc,2006-01-01,2006-12-31 23:00:00,2006-01-01,2006-12-31 23:00:00,2006-01-01 01:00:00,2007-01-01 23:00:00,8760,512,4485120,11,5
2007,train,data/processed/vector_features/2007.nc,2007-01-01,2007-12-31 23:00:00,2007-01-01,2007-12-31 23:00:00,2007-01-01 01:00:00,2008-01-01 23:00:00,8760,512,4485120,11,5
2008,train,data/processed/vector_features/2008.nc,2008-01-01,2008-12-31 23:00:00,2008-01-01,2008-12-31 23:00:00,2008-01-01 01:00:00,2009-01-01 23:00:00,8784,512,4497408,11,5
2009,train,data/processed/vector_features/2009.nc,2009-01-01,2009-12-31 23:00:00,2009-01-01,2009-12-31 23:00:00,2009-01-01 01:00:00,2010-01-01 23:00:00,8760,512,4485120,11,5
2010,train,data/processed/vector_features/2010.nc,2010-01-01,2010-12-31 23:00:00,2010-01-01,2010-12-31 23:00:00,2010-01-01 01:00:00,2011-01-01 23:00:00,8760,512,4485120,11,5
2011,train,data/processed/vector_features/2011.nc,2011-01-01,2011-12-31 23:00:00,2011-01-01,2011-12-31 23:00:00,2011-01-01 01:00:00,2012-01-01 23:00:00,8760,512,4485120,11,5
2012,train,data/processed/vector_features/2012.nc,2012-01-01,2012-12-31 23:00:00,2012-01-01,2012-12-31 23:00:00,2012-01-01 01:00:00,2013-01-01 23:00:00,8784,512,4497408,11,5
2013,train,data/processed/vector_features/2013.nc,2013-01-01,2013-12-31 23:00:00,2013-01-01,2013-12-31 23:00:00,2013-01-01 01:00:00,2014-01-01 23:00:00,8760,512,4485120,11,5
2014,train,data/processed/vector_features/2014.nc,2014-01-01,2014-12-31 23:00:00,2014-01-01,2014-12-31 23:00:00,2014-01-01 01:00:00,2015-01-01 23:00:00,8760,512,4485120,11,5
2015,train,data/processed/vector_features/2015.nc,2015-01-01,2015-12-31 23:00:00,2015-01-01,2015-12-31 23:00:00,2015-01-01 01:00:00,2016-01-01 23:00:00,8760,512,4485120,11,5
2016,train,data/processed/vector_features/2016.nc,2016-01-01,2016-12-31 23:00:00,2016-01-01,2016-12-31 23:00:00,2016-01-01 01:00:00,2017-01-01 23:00:00,8784,512,4497408,11,5
2017,train,data/processed/vector_features/2017.nc,2017-01-01,2017-12-31 23:00:00,2017-01-01,2017-12-30 23:00:00,2017-01-01 01:00:00,2017-12-31 23:00:00,8736,512,4472832,11,5
2018,validation,data/processed/vector_features/2018.nc,2018-01-01,2018-12-31 23:00:00,2018-01-01,2018-12-31 23:00:00,2018-01-01 01:00:00,2019-01-01 23:00:00,8760,512,4485120,11,5
2019,validation,data/processed/vector_features/2019.nc,2019-01-01,2019-12-31 23:00:00,2019-01-01,2019-12-30 23:00:00,2019-01-01 01:00:00,2019-12-31 23:00:00,8736,512,4472832,11,5
2020,test,data/processed/vector_features/2020.nc,2020-01-01,2020-12-30 23:00:00,2020-01-01,2020-12-30 23:00:00,2020-01-01 01:00:00,2020-12-31 23:00:00,8760,512,4485120,11,5
