year,start_issue_time,end_issue_time,hours,study_cells,grid_time_samples,historical_lags,forecast_horizons,output_file
2005,2005-01-08,2005-12-31 23:00:00,8592,512,4399104,11,5,2005.nc
2006,2006-01-01,2006-12-31 23:00:00,8760,512,4485120,11,5,2006.nc
2007,2007-01-01,2007-12-31 23:00:00,8760,512,4485120,11,5,2007.nc
2008,2008-01-01,2008-12-31 23:00:00,8784,512,4497408,11,5,2008.nc
2009,2009-01-01,2009-12-31 23:00:00,8760,512,4485120,11,5,2009.nc
2010,2010-01-01,2010-12-31 23:00:00,8760,512,4485120,11,5,2010.nc
2011,2011-01-01,2011-12-31 23:00:00,8760,512,4485120,11,5,2011.nc
2012,2012-01-01,2012-12-31 23:00:00,8784,512,4497408,11,5,2012.nc
2013,2013-01-01,2013-12-31 23:00:00,8760,512,4485120,11,5,2013.nc
2014,2014-01-01,2014-12-31 23:00:00,8760,512,4485120,11,5,2014.nc
2015,2015-01-01,2015-12-31 23:00:00,8760,512,4485120,11,5,2015.nc
2016,2016-01-01,2016-12-31 23:00:00,8784,512,4497408,11,5,2016.nc
2017,2017-01-01,2017-12-31 23:00:00,8760,512,4485120,11,5,2017.nc
2018,2018-01-01,2018-12-31 23:00:00,8760,512,4485120,11,5,2018.nc
2019,2019-01-01,2019-12-31 23:00:00,8760,512,4485120,11,5,2019.nc
2020,2020-01-01,2020-12-30 23:00:00,8760,512,4485120,11,5,2020.nc
