file,year,n_time,start_time,end_time,n_lat,lat_min,lat_max,n_lon,lon_min,lon_max,time_step_mode,u10_dims,v10_dims,u10_nan,v10_nan,expected_hours,time_count_ok
2005-01-01_to_2005-12-31.nc,2005,8760,2005-01-01,2005-12-31 23:00:00,37,22.0,31.0,65,47.0,63.0,0 days 01:00:00,"(8760, 37, 65)","(8760, 37, 65)",0,0,8760,True
2006-01-01_to_2006-12-31.nc,2006,8760,2006-01-01,2006-12-31 23:00:00,37,22.0,31.0,65,47.0,63.0,0 days 01:00:00,"(8760, 37, 65)","(8760, 37, 65)",0,0,8760,True
2007-01-01_to_2007-12-31.nc,2007,8760,2007-01-01,2007-12-31 23:00:00,37,22.0,31.0,65,47.0,63.0,0 days 01:00:00,"(8760, 37, 65)","(8760, 37, 65)",0,0,8760,True
2008-01-01_to_2008-12-31.nc,2008,8784,2008-01-01,2008-12-31 23:00:00,37,22.0,31.0,65,47.0,63.0,0 days 01:00:00,"(8784, 37, 65)","(8784, 37, 65)",0,0,8784,True
2009-01-01_to_2009-12-31.nc,2009,8760,2009-01-01,2009-12-31 23:00:00,37,22.0,31.0,65,47.0,63.0,0 days 01:00:00,"(8760, 37, 65)","(8760, 37, 65)",0,0,8760,True
2010-01-01_to_2010-12-31.nc,2010,8760,2010-01-01,2010-12-31 23:00:00,37,22.0,31.0,65,47.0,63.0,0 days 01:00:00,"(8760, 37, 65)","(8760, 37, 65)",0,0,8760,True
2011-01-01_to_2011-12-31.nc,2011,8760,2011-01-01,2011-12-31 23:00:00,37,22.0,31.0,65,47.0,63.0,0 days 01:00:00,"(8760, 37, 65)","(8760, 37, 65)",0,0,8760,True
2012-01-01_to_2012-12-31.nc,2012,8784,2012-01-01,2012-12-31 23:00:00,37,22.0,31.0,65,47.0,63.0,0 days 01:00:00,"(8784, 37, 65)","(8784, 37, 65)",0,0,8784,True
2013-01-01_to_2013-12-31.nc,2013,8760,2013-01-01,2013-12-31 23:00:00,37,22.0,31.0,65,47.0,63.0,0 days 01:00:00,"(8760, 37, 65)","(8760, 37, 65)",0,0,8760,True
2014-01-01_to_2014-12-31.nc,2014,8760,2014-01-01,2014-12-31 23:00:00,37,22.0,31.0,65,47.0,63.0,0 days 01:00:00,"(8760, 37, 65)","(8760, 37, 65)",0,0,8760,True
2015-01-01_to_2015-12-31.nc,2015,8760,2015-01-01,2015-12-31 23:00:00,37,22.0,31.0,65,47.0,63.0,0 days 01:00:00,"(8760, 37, 65)","(8760, 37, 65)",0,0,8760,True
2016-01-01_to_2016-12-31.nc,2016,8784,2016-01-01,2016-12-31 23:00:00,37,22.0,31.0,65,47.0,63.0,0 days 01:00:00,"(8784, 37, 65)","(8784, 37, 65)",0,0,8784,True
2017-01-01_to_2017-12-31.nc,2017,8760,2017-01-01,2017-12-31 23:00:00,37,22.0,31.0,65,47.0,63.0,0 days 01:00:00,"(8760, 37, 65)","(8760, 37, 65)",0,0,8760,True
2018-01-01_to_2018-12-31.nc,2018,8760,2018-01-01,2018-12-31 23:00:00,37,22.0,31.0,65,47.0,63.0,0 days 01:00:00,"(8760, 37, 65)","(8760, 37, 65)",0,0,8760,True
2019-01-01_to_2019-12-31.nc,2019,8760,2019-01-01,2019-12-31 23:00:00,37,22.0,31.0,65,47.0,63.0,0 days 01:00:00,"(8760, 37, 65)","(8760, 37, 65)",0,0,8760,True
2020-01-01_to_2020-12-31.nc,2020,8784,2020-01-01,2020-12-31 23:00:00,37,22.0,31.0,65,47.0,63.0,0 days 01:00:00,"(8784, 37, 65)","(8784, 37, 65)",0,0,8784,True
