grid_id,latitude,longitude
0,30.5,49.0
1,30.25,49.0
2,30.0,48.0
3,30.0,48.25
4,30.0,48.75
5,30.0,49.0
6,30.0,49.25
7,30.0,49.5
8,30.0,49.75
9,30.0,50.0
10,29.75,48.5
11,29.75,48.75
12,29.75,49.0
13,29.75,49.25
14,29.75,49.5
15,29.75,49.75
16,29.75,50.0
17,29.75,50.25
18,29.5,48.0
19,29.5,48.25
20,29.5,48.5
21,29.5,48.75
22,29.5,49.0
23,29.5,49.25
24,29.5,49.5
25,29.5,49.75
26,29.5,50.0
27,29.5,50.25
28,29.5,50.5
29,29.25,48.25
30,29.25,48.5
31,29.25,48.75
32,29.25,49.0
33,29.25,49.25
34,29.25,49.5
35,29.25,49.75
36,29.25,50.0
37,29.25,50.25
38,29.25,50.5
39,29.0,48.25
40,29.0,48.5
41,29.0,48.75
42,29.0,49.0
43,29.0,49.25
44,29.0,49.5
45,29.0,49.75
46,29.0,50.0
47,29.0,50.25
48,29.0,50.5
49,29.0,50.75
50,28.75,48.5
51,28.75,48.75
52,28.75,49.0
53,28.75,49.25
54,28.75,49.5
55,28.75,49.75
56,28.75,50.0
57,28.75,50.25
58,28.75,50.5
59,28.75,50.75
60,28.75,51.0
61,28.5,48.5
62,28.5,48.75
63,28.5,49.0
64,28.5,49.25
65,28.5,49.5
66,28.5,49.75
67,28.5,50.0
68,28.5,50.25
69,28.5,50.5
70,28.5,50.75
71,28.5,51.0
72,28.25,48.75
73,28.25,49.0
74,28.25,49.25
75,28.25,49.5
76,28.25,49.75
77,28.25,50.0
78,28.25,50.25
79,28.25,50.5
80,28.25,50.75
81,28.25,51.0
82,28.25,51.25
83,28.0,49.0
84,28.0,49.25
85,28.0,49.5
86,28.0,49.75
87,28.0,50.0
88,28.0,50.25
89,28.0,50.5
90,28.0,50.75
91,28.0,51.0
92,28.0,51.25
93,27.75,49.0
94,27.75,49.25
95,27.75,49.5
96,27.75,49.75
97,27.75,50.0
98,27.75,50.25
99,27.75,50.5
100,27.75,50.75
101,27.75,51.0
102,27.75,51.25
103,27.75,51.5
104,27.75,51.75
105,27.75,52.0
106,27.5,49.5
107,27.5,49.75
108,27.5,50.0
109,27.5,50.25
110,27.5,50.5
111,27.5,50.75
112,27.5,51.0
113,27.5,51.25
114,27.5,51.5
115,27.5,51.75
116,27.5,52.0
117,27.5,52.25
118,27.5,52.5
119,27.25,49.5
120,27.25,49.75
121,27.25,50.0
122,27.25,50.25
123,27.25,50.5
124,27.25,50.75
125,27.25,51.0
126,27.25,51.25
127,27.25,51.5
128,27.25,51.75
129,27.25,52.0
130,27.25,52.25
131,27.25,52.5
132,27.25,52.75
133,27.0,49.75
134,27.0,50.0
135,27.0,50.25
136,27.0,50.5
137,27.0,50.75
138,27.0,51.0
139,27.0,51.25
140,27.0,51.5
141,27.0,51.75
142,27.0,52.0
143,27.0,52.25
144,27.0,52.5
145,27.0,52.75
146,27.0,53.0
147,27.0,53.25
148,27.0,56.0
149,27.0,56.25
150,27.0,56.5
151,27.0,56.75
152,26.75,50.25
153,26.75,50.5
154,26.75,50.75
155,26.75,51.0
156,26.75,51.25
157,26.75,51.5
158,26.75,51.75
159,26.75,52.0
160,26.75,52.25
161,26.75,52.5
162,26.75,52.75
163,26.75,53.0
164,26.75,53.25
165,26.75,53.5
166,26.75,55.25
167,26.75,55.5
168,26.75,56.25
169,26.75,56.5
170,26.75,56.75
171,26.75,57.0
172,26.5,50.25
173,26.5,50.5
174,26.5,50.75
175,26.5,51.0
176,26.5,51.25
177,26.5,51.5
178,26.5,51.75
179,26.5,52.0
180,26.5,52.25
181,26.5,52.5
182,26.5,52.75
183,26.5,53.0
184,26.5,53.25
185,26.5,53.5
186,26.5,53.75
187,26.5,54.25
188,26.5,54.5
189,26.5,54.75
190,26.5,55.0
191,26.5,55.25
192,26.5,55.5
193,26.5,55.75
194,26.5,56.0
195,26.5,56.25
196,26.5,56.5
197,26.5,56.75
198,26.5,57.0
199,26.25,50.25
200,26.25,50.5
201,26.25,50.75
202,26.25,51.0
203,26.25,51.25
204,26.25,51.5
205,26.25,51.75
206,26.25,52.0
207,26.25,52.25
208,26.25,52.5
209,26.25,52.75
210,26.25,53.0
211,26.25,53.25
212,26.25,53.5
213,26.25,53.75
214,26.25,54.0
215,26.25,54.25
216,26.25,54.5
217,26.25,54.75
218,26.25,55.0
219,26.25,55.25
220,26.25,55.5
221,26.25,55.75
222,26.25,56.0
223,26.25,56.25
224,26.25,56.5
225,26.25,56.75
226,26.25,57.0
227,26.0,50.0
228,26.0,50.25
229,26.0,50.75
230,26.0,51.0
231,26.0,51.5
232,26.0,51.75
233,26.0,52.0
234,26.0,52.25
235,26.0,52.5
236,26.0,52.75
237,26.0,53.0
238,26.0,53.25
239,26.0,53.5
240,26.0,53.75
241,26.0,54.0
242,26.0,54.25
243,26.0,54.5
244,26.0,54.75
245,26.0,55.0
246,26.0,55.25
247,26.0,55.5
248,26.0,55.75
249,26.0,56.0
250,26.0,56.5
251,26.0,56.75
252,26.0,57.0
253,25.75,50.25
254,25.75,50.5
255,25.75,50.75
256,25.75,51.75
257,25.75,52.0
258,25.75,52.25
259,25.75,52.5
260,25.75,52.75
261,25.75,53.0
262,25.75,53.25
263,25.75,53.5
264,25.75,53.75
265,25.75,54.0
266,25.75,54.25
267,25.75,54.5
268,25.75,54.75
269,25.75,55.0
270,25.75,55.25
271,25.75,55.5
272,25.75,55.75
273,25.75,56.5
274,25.75,56.75
275,25.75,57.0
276,25.75,57.25
277,25.5,50.5
278,25.5,50.75
279,25.5,51.5
280,25.5,51.75
281,25.5,52.0
282,25.5,52.25
283,25.5,52.5
284,25.5,52.75
285,25.5,53.0
286,25.5,53.25
287,25.5,53.5
288,25.5,53.75
289,25.5,54.0
290,25.5,54.25
291,25.5,54.5
292,25.5,54.75
293,25.5,55.0
294,25.5,55.25
295,25.5,55.5
296,25.5,56.5
297,25.5,56.75
298,25.5,57.0
299,25.5,57.25
300,25.5,57.5
301,25.5,57.75
302,25.5,58.0
303,25.5,58.25
304,25.5,58.5
305,25.5,58.75
306,25.25,50.75
307,25.25,51.75
308,25.25,52.0
309,25.25,52.25
310,25.25,52.5
311,25.25,52.75
312,25.25,53.0
313,25.25,53.25
314,25.25,53.5
315,25.25,53.75
316,25.25,54.0
317,25.25,54.25
318,25.25,54.5
319,25.25,54.75
320,25.25,55.0
321,25.25,55.25
322,25.25,56.5
323,25.25,56.75
324,25.25,57.0
325,25.25,57.25
326,25.25,57.5
327,25.25,57.75
328,25.25,58.0
329,25.25,58.25
330,25.25,58.5
331,25.25,58.75
332,25.25,59.0
333,25.25,59.25
334,25.25,59.5
335,25.25,59.75
336,25.25,60.0
337,25.25,60.25
338,25.25,60.5
339,25.25,60.75
340,25.25,62.5
341,25.25,62.75
342,25.0,50.75
343,25.0,51.75
344,25.0,52.0
345,25.0,52.25
346,25.0,52.5
347,25.0,52.75
348,25.0,53.0
349,25.0,53.25
350,25.0,53.5
351,25.0,53.75
352,25.0,54.0
353,25.0,54.25
354,25.0,54.5
355,25.0,54.75
356,25.0,55.0
357,25.0,56.5
358,25.0,56.75
359,25.0,57.0
360,25.0,57.25
361,25.0,57.5
362,25.0,57.75
363,25.0,58.0
364,25.0,58.25
365,25.0,58.5
366,25.0,58.75
367,25.0,59.0
368,25.0,59.25
369,25.0,59.5
370,25.0,59.75
371,25.0,60.0
372,25.0,60.25
373,25.0,60.5
374,25.0,60.75
375,25.0,61.0
376,25.0,61.25
377,25.0,61.5
378,25.0,61.75
379,25.0,62.0
380,25.0,62.25
381,25.0,62.5
382,25.0,62.75
383,25.0,63.0
384,24.75,51.5
385,24.75,51.75
386,24.75,52.0
387,24.75,52.25
388,24.75,52.5
389,24.75,52.75
390,24.75,53.0
391,24.75,53.25
392,24.75,53.5
393,24.75,53.75
394,24.75,54.0
395,24.75,54.25
396,24.75,54.5
397,24.75,56.5
398,24.75,56.75
399,24.75,57.0
400,24.75,57.25
401,24.75,57.5
402,24.75,57.75
403,24.75,58.0
404,24.75,58.25
405,24.75,58.5
406,24.75,58.75
407,24.75,59.0
408,24.75,59.25
409,24.75,59.5
410,24.75,59.75
411,24.75,60.0
412,24.75,60.25
413,24.75,60.5
414,24.75,60.75
415,24.75,61.0
416,24.75,61.25
417,24.75,61.5
418,24.75,61.75
419,24.75,62.0
420,24.75,62.25
421,24.75,62.5
422,24.75,62.75
423,24.75,63.0
424,24.5,51.5
425,24.5,51.75
426,24.5,52.0
427,24.5,52.25
428,24.5,52.5
429,24.5,52.75
430,24.5,53.0
431,24.5,53.25
432,24.5,53.5
433,24.5,53.75
434,24.5,54.0
435,24.5,54.25
436,24.5,56.75
437,24.5,57.0
438,24.5,57.25
439,24.5,57.5
440,24.5,57.75
441,24.5,58.0
442,24.5,58.25
443,24.5,58.5
444,24.5,58.75
445,24.5,59.0
446,24.5,59.25
447,24.5,59.5
448,24.5,59.75
449,24.5,60.0
450,24.5,60.25
451,24.5,60.5
452,24.5,60.75
453,24.5,61.0
454,24.5,61.25
455,24.5,61.5
456,24.5,61.75
457,24.5,62.0
458,24.5,62.25
459,24.5,62.5
460,24.5,62.75
461,24.5,63.0
462,24.25,52.0
463,24.25,52.25
464,24.25,52.5
465,24.25,52.75
466,24.25,53.0
467,24.25,53.25
468,24.25,53.5
469,24.25,53.75
470,24.25,54.0
471,24.25,54.25
472,24.25,57.0
473,24.25,57.25
474,24.25,57.5
475,24.25,57.75
476,24.25,58.0
477,24.25,58.25
478,24.25,58.5
479,24.25,58.75
480,24.25,59.0
481,24.25,59.25
482,24.25,59.5
483,24.25,59.75
484,24.25,60.0
485,24.25,60.25
486,24.25,60.5
487,24.25,60.75
488,24.25,61.0
489,24.25,61.25
490,24.25,61.5
491,24.25,61.75
492,24.25,62.0
493,24.25,62.25
494,24.25,62.5
495,24.25,62.75
496,24.25,63.0
497,24.0,52.0
498,24.0,52.25
499,24.0,57.25
500,24.0,57.5
501,24.0,57.75
502,24.0,58.0
503,24.0,58.25
504,24.0,58.5
505,24.0,58.75
506,24.0,59.0
507,24.0,59.25
508,24.0,59.5
509,24.0,59.75
510,24.0,60.0
511,24.0,60.25
512,24.0,60.5
513,24.0,60.75
514,24.0,61.0
515,24.0,61.25
516,24.0,61.5
517,24.0,61.75
518,24.0,62.0
519,24.0,62.25
520,24.0,62.5
521,24.0,62.75
522,24.0,63.0
523,23.75,58.0
524,23.75,58.25
525,23.75,58.5
526,23.75,58.75
527,23.75,59.0
528,23.75,59.25
529,23.75,59.5
530,23.75,59.75
531,23.75,60.0
532,23.75,60.25
533,23.75,60.5
534,23.75,60.75
535,23.75,61.0
536,23.75,61.25
537,23.75,61.5
538,23.75,61.75
539,23.75,62.0
540,23.75,62.25
541,23.75,62.5
542,23.75,62.75
543,23.75,63.0
544,23.5,59.0
545,23.5,59.25
546,23.5,59.5
547,23.5,59.75
548,23.5,60.0
549,23.5,60.25
550,23.5,60.5
551,23.5,60.75
552,23.5,61.0
553,23.5,61.25
554,23.5,61.5
555,23.5,61.75
556,23.5,62.0
557,23.5,62.25
558,23.5,62.5
559,23.5,62.75
560,23.5,63.0
561,23.25,59.0
562,23.25,59.25
563,23.25,59.5
564,23.25,59.75
565,23.25,60.0
566,23.25,60.25
567,23.25,60.5
568,23.25,60.75
569,23.25,61.0
570,23.25,61.25
571,23.25,61.5
572,23.25,61.75
573,23.25,62.0
574,23.25,62.25
575,23.25,62.5
576,23.25,62.75
577,23.25,63.0
578,23.0,59.25
579,23.0,59.5
580,23.0,59.75
581,23.0,60.0
582,23.0,60.25
583,23.0,60.5
584,23.0,60.75
585,23.0,61.0
586,23.0,61.25
587,23.0,61.5
588,23.0,61.75
589,23.0,62.0
590,23.0,62.25
591,23.0,62.5
592,23.0,62.75
593,23.0,63.0
594,22.75,59.5
595,22.75,59.75
596,22.75,60.0
597,22.75,60.25
598,22.75,60.5
599,22.75,60.75
600,22.75,61.0
601,22.75,61.25
602,22.75,61.5
603,22.75,61.75
604,22.75,62.0
605,22.75,62.25
606,22.75,62.5
607,22.75,62.75
608,22.75,63.0
609,22.5,59.75
610,22.5,60.0
611,22.5,60.25
612,22.5,60.5
613,22.5,60.75
614,22.5,61.0
615,22.5,61.25
616,22.5,61.5
617,22.5,61.75
618,22.5,62.0
619,22.5,62.25
620,22.5,62.5
621,22.5,62.75
622,22.5,63.0
623,22.25,60.0
624,22.25,60.25
625,22.25,60.5
626,22.25,60.75
627,22.25,61.0
628,22.25,61.25
629,22.25,61.5
630,22.25,61.75
631,22.25,62.0
632,22.25,62.25
633,22.25,62.5
634,22.25,62.75
635,22.25,63.0
636,22.0,59.75
637,22.0,60.0
638,22.0,60.25
639,22.0,60.5
640,22.0,60.75
641,22.0,61.0
642,22.0,61.25
643,22.0,61.5
644,22.0,61.75
645,22.0,62.0
646,22.0,62.25
647,22.0,62.5
648,22.0,62.75
649,22.0,63.0
